{
  "training": {
    "episodes": 50,
    "episode_rewards": [
      0.9692648645611275,
      0.9925774442808537,
      0.9841164247506887,
      0.9949372562954677,
      0.9780445014230663,
      0.9821352619144502,
      0.9719027413788108,
      0.9344962238338731,
      0.9869479561347202,
      0.9708605087112282,
      0.9788671930146183,
      0.9740561189591258,
      0.9325132651480805,
      0.9770733042569878,
      0.9275567219427753,
      0.9901308826052044,
      0.9527583720932332,
      0.9748030277549973,
      0.9610870429747573,
      0.9271649173027126,
      0.9766127240349366,
      0.9966954387426942,
      0.8987250019806741,
      0.9595097175833175,
      0.9630831757610278,
      0.9799126721310726,
      0.9609997177961361,
      0.9753174744574029,
      0.9108290966565489,
      0.9298547086747636,
      0.9393536003188574,
      0.8594216862929738,
      0.9786312875657579,
      0.9763201931903902,
      0.9138319628511752,
      0.9800936942420891,
      0.9489859051417786,
      0.9822658859689835,
      0.9625602120972012,
      0.8803626448160612,
      0.9061239760406398,
      0.9395165076240879,
      0.9287396500907512,
      0.7541825429988918,
      0.9682891053355105,
      0.8791593836363616,
      0.9226100885912389,
      0.8096540550969455,
      0.8838915391975689,
      0.8139791565088862
    ],
    "initial_avg": 0.9765283183284286,
    "final_avg": 0.8806146005120882,
    "improvement_pct": -9.821908491145512
  },
  "evaluation": {
    "mean": 0.8143514304378238,
    "std": 0.04498693733129006,
    "rewards": [
      0.831548689697137,
      0.8408934528851935,
      0.7481720636373269,
      0.8879023930998645,
      0.8807969178891722,
      0.7991378194488041,
      0.8289872764333792,
      0.7747930528999261,
      0.772029358800342,
      0.7792532795870919
    ]
  },
  "before_after_comparison": {
    "untrained": {
      "mean": 0.89243089519127,
      "rewards": [
        0.9497160852492649,
        0.9457380662899563,
        0.9447546035524274,
        0.9428786402203012,
        0.9411684084293678,
        0.989970916948875,
        0.9886198039256721,
        0.9858297742202531,
        0.9298252737474375,
        0.9266072124833648,
        0.8026430380545768,
        0.7967408106513569,
        0.7940361405384788,
        0.7898220117250858,
        0.6581126418326314
      ]
    },
    "trained": {
      "mean": 0.89243089519127,
      "rewards": [
        0.9497160852492649,
        0.9457380662899563,
        0.9447546035524274,
        0.9428786402203012,
        0.9411684084293678,
        0.989970916948875,
        0.9886198039256721,
        0.9858297742202531,
        0.9298252737474375,
        0.9266072124833648,
        0.8026430380545768,
        0.7967408106513569,
        0.7940361405384788,
        0.7898220117250858,
        0.6581126418326314
      ]
    },
    "improvement_pct": 0.0
  }
}