{
  "training": {
    "episodes": 100,
    "initial_reward": 0.850309882301552,
    "final_reward": 0.8510348556697384,
    "reward_improvement_pct": 0.08525990151073293,
    "initial_success_rate": 1.0,
    "final_success_rate": 1.0,
    "episode_rewards": [
      0.9059886147506538,
      0.8327834723806912,
      0.8103782834928054,
      0.887031976172052,
      0.8620323738193546,
      0.7948286753204159,
      0.899746945639759,
      0.8586216454862035,
      0.7981269338245096,
      0.8740577062062548,
      0.8513948846289957,
      0.8143403156916432,
      0.8786931266201431,
      0.8432672869333947,
      0.7945263385733963,
      0.9022829287696577,
      0.8265381865684657,
      0.8186697738204555,
      0.9009763106193543,
      0.8519118667128375,
      0.7827102548051429,
      0.8751855654237137,
      0.8531128992457876,
      0.790761867944011,
      0.8691913900842034,
      0.8150649767087863,
      0.8024151360307504,
      0.904004198394274,
      0.8208095357951013,
      0.8016697738204556,
      0.9022050322740506,
      0.8647475367774939,
      0.8030184475325353,
      0.8869669717006546,
      0.8561925429923564,
      0.8052311734946084,
      0.8909255517330297,
      0.8351874730621675,
      0.7936141476384173,
      0.8954966311580722,
      0.8278561214975548,
      0.7795706542193499,
      0.8815802789730922,
      0.8703910395395881,
      0.8045426050422186,
      0.9135791482875509,
      0.8753050950370813,
      0.809511751596951,
      0.8954376560097201,
      0.8483519277136274,
      0.7826783676255294,
      0.8798335488498789,
      0.8325001074559985,
      0.794443490866116,
      0.9137447494784325,
      0.8495814318812452,
      0.7831567051815315,
      0.8908181917053493,
      0.8714753086196215,
      0.7848376585228177,
      0.9026468655493215,
      0.8371112185671096,
      0.7846293722879146,
      0.9023144492400901,
      0.857363178109349,
      0.8018481600862163,
      0.898800305033988,
      0.8643958712471987,
      0.8211232594854478,
      0.8882947871274949,
      0.8479662864293528,
      0.7987165847851055,
      0.8934624043565834,
      0.8402792848616926,
      0.7968506202667278,
      0.9057551509918799,
      0.8441434756941839,
      0.7803692093451193,
      0.8928025069344292,
      0.8595667538194448,
      0.813380205771472,
      0.8989628226183245,
      0.8539773500088743,
      0.8014330229005412,
      0.9040105878296062,
      0.8446358723333208,
      0.8089678864992269,
      0.9133387161519995,
      0.8318810092136789,
      0.7900843773984358,
      0.8982605878296063,
      0.8210965811491445,
      0.806986656370198,
      0.9082715746586048,
      0.8630686930352532,
      0.804503072113937,
      0.9071876560097203,
      0.8459759512444763,
      0.7981870480593996,
      0.906487442198948
    ],
    "success_rates": [
      1.0,
      1.0,
      1.0,
      1.0,
      1.0,
      1.0,
      1.0,
      1.0,
      1.0,
      1.0,
      1.0,
      1.0,
      1.0,
      1.0,
      1.0,
      1.0,
      1.0,
      1.0,
      1.0,
      1.0,
      1.0,
      1.0,
      1.0,
      1.0,
      1.0,
      1.0,
      1.0,
      1.0,
      1.0,
      1.0,
      1.0,
      1.0,
      1.0,
      1.0,
      1.0,
      1.0,
      1.0,
      1.0,
      1.0,
      1.0,
      1.0,
      1.0,
      1.0,
      1.0,
      1.0,
      1.0,
      1.0,
      1.0,
      1.0,
      1.0,
      1.0,
      1.0,
      1.0,
      1.0,
      1.0,
      1.0,
      1.0,
      1.0,
      1.0,
      1.0,
      1.0,
      1.0,
      1.0,
      1.0,
      1.0,
      1.0,
      1.0,
      1.0,
      1.0,
      1.0,
      1.0,
      1.0,
      1.0,
      1.0,
      1.0,
      1.0,
      1.0,
      1.0,
      1.0,
      1.0,
      1.0,
      1.0,
      1.0,
      1.0,
      1.0,
      1.0,
      1.0,
      1.0,
      1.0,
      1.0,
      1.0,
      1.0,
      1.0,
      1.0,
      1.0,
      1.0,
      1.0,
      1.0,
      1.0,
      1.0
    ]
  },
  "before_after_comparison": {
    "random": {
      "mean_reward": 0.8872249583910611,
      "success_rate": 1.0
    },
    "trained": {
      "mean_reward": 0.9019944335758682,
      "success_rate": 1.0
    },
    "reward_improvement_pct": 1.6646821130450171,
    "success_improvement": 0.0
  }
}