{
  "total_steps": 150,
  "initial_reward": 0.49327022883977867,
  "final_reward": 0.9105935713498656,
  "improvement_pct": 84.60339142941457,
  "max_reward": 0.9324978917976844,
  "min_reward": 0.43560186404424367,
  "rewards": [
    0.43745401188473626,
    0.5000714306409917,
    0.48319939418114055,
    0.4748658484197037,
    0.43560186404424367,
    0.4405994520336203,
    0.43580836121681993,
    0.5216176145774936,
    0.5001115011743209,
    0.5158072577796046,
    0.45205844942958023,
    0.5519909852161995,
    0.5432442640800422,
    0.48623391106782765,
    0.48818249672071007,
    0.4933404509853434,
    0.5104242242959538,
    0.5374756431632238,
    0.5331945018642116,
    0.5241229140198043,
    0.561185289472238,
    0.5189493860652042,
    0.5392144648535219,
    0.5516361843293692,
    0.5656069984217037,
    0.6035175961393013,
    0.5499673782158361,
    0.5864234438413611,
    0.5992414568862042,
    0.5496450412719998,
    0.6064526911140863,
    0.583802875992666,
    0.5810459527219739,
    0.6376474179494857,
    0.6422236362701877,
    0.6363609837441305,
    0.6097053975789737,
    0.600860326840383,
    0.639625410162158,
    0.6285520067672332,
    0.6130365798049724,
    0.6389963288923904,
    0.6149204541240559,
    0.6709877955532982,
    0.635526798896001,
    0.6633227656326675,
    0.6458455217082218,
    0.6619183669849543,
    0.667088331046311,
    0.6489484101886744,
    0.6996036490944448,
    0.6915079694016668,
    0.7049413650652799,
    0.7058324981685161,
    0.6915882844429508,
    0.7145981683871013,
    0.668166692980258,
    0.6781875431737201,
    0.6727136373346323,
    0.6930912484172244,
    0.700463494524226,
    0.6969952276207194,
    0.73400996483483,
    0.7092623424587582,
    0.7082846420098142,
    0.7275617649894949,
    0.7070268820699143,
    0.7502746759880995,
    0.7101873243350719,
    0.7684989304817453,
    0.7591918290149423,
    0.7283515123206218,
    0.7203313270274161,
    0.7724991142787186,
    0.7695542977737142,
    0.774454715796745,
    0.780561935086871,
    0.7422998219611883,
    0.7629365151412277,
    0.7519521435715077,
    0.8003576341239642,
    0.7895407447525106,
    0.7755681672054446,
    0.7630992153028757,
    0.7815160821600825,
    0.7859395707501762,
    0.8137763707002839,
    0.8118248768527414,
    0.8303756216974367,
    0.8090471812240027,
    0.7914613690420124,
    0.8306518300905226,
    0.8370756743455853,
    0.8286766318541697,
    0.8448294593687021,
    0.8317705929247206,
    0.8370782554772053,
    0.8349381753872273,
    0.8143822904617886,
    0.8229020570481697,
    0.8312571674274694,
    0.8570564164505512,
    0.8457742392430531,
    0.8551428276465881,
    0.8727026589570437,
    0.847971689165955,
    0.8560153169214252,
    0.8714220455417219,
    0.8519519266196649,
    0.8474791963931516,
    0.8575900581165508,
    0.8540488514901601,
    0.8863879060937029,
    0.8831248151825767,
    0.8777361502604168,
    0.8888584236075087,
    0.8877468830759645,
    0.8646628023554415,
    0.8945023599395991,
    0.881973689676626,
    0.8942976062065625,
    0.8994436519969397,
    0.8779201389988746,
    0.8712020769811071,
    0.8775174065016776,
    0.8870843115450503,
    0.9043205906368996,
    0.9076292233302538,
    0.8750780852212476,
    0.8968298921031026,
    0.8946964401259512,
    0.8884843124188292,
    0.8859946146933473,
    0.8963046068561451,
    0.9221163881565008,
    0.8989281172808301,
    0.9083516248697346,
    0.9173207583558072,
    0.9053451840951717,
    0.9312712833088385,
    0.9324978917976844,
    0.9056712918330145,
    0.9170899402356955,
    0.9108351323926708,
    0.9117936197750987,
    0.9034754778941813,
    0.9279825733591959,
    0.9253071609291544,
    0.9088591500499995,
    0.9195458585694645
  ],
  "phases": {
    "exploration": {
      "steps": "0-30",
      "avg_reward": 0.5163597272097438
    },
    "learning": {
      "steps": "30-100",
      "avg_reward": 0.722237276721341
    },
    "convergence": {
      "steps": "100-150",
      "avg_reward": 0.888331996693684
    }
  }
}