{
  "test": "reproducibility_verification",
  "seed": 42,
  "run_1": {
    "states_learned": 144,
    "episode_rewards": [
      9.639100956523166,
      9.93402161326944,
      9.843868296042293,
      9.686619100353548,
      9.977289132924806,
      9.649718237670736,
      9.989803309797525,
      9.77933131222226,
      9.959338225710244,
      9.923561792491718,
      9.80744612941901,
      9.91840729436603,
      9.97382603044361,
      9.991624531317097,
      9.726987777568988,
      9.729162475828078,
      9.9328740538015,
      9.89963887941472,
      9.767696874735933,
      9.950061433325333,
      9.94588464555881,
      9.9780972334615,
      9.883396901930308,
      9.96464892254604,
      9.91827461309273,
      9.737003610168308,
      9.89295412852604,
      9.989214544545387,
      9.953734298110367,
      9.971263641679219,
      9.923224709261003,
      9.716469033533865,
      9.917333333333334,
      9.871746409386581,
      9.734763212474187,
      9.88487736906793,
      9.92046032000698,
      9.920795847492627,
      9.445108802789242,
      9.761795921623426,
      9.86510475315767,
      9.583900567244175,
      9.903300557870173,
      8.65244546597526,
      9.887274526384246,
      9.571362788359696,
      9.532568838895504,
      9.793191704943396,
      9.428865575089267,
      9.916045636083997,
      9.865188345222018,
      9.83555479743665,
      9.98766960192567,
      9.614506496411714,
      9.966335675465066,
      9.92718450424951,
      9.110530534047681,
      9.65316848613275,
      9.941114389353576,
      9.794127108281257,
      9.547083533076757,
      9.95873419629457,
      9.613506396410333,
      9.972052702295244,
      9.289616722295303,
      9.96949693212684,
      9.93768141079387,
      9.978132541250924,
      9.891590879856963,
      9.860014626545004,
      9.996030482739855,
      9.826565543165989,
      9.952633207452934,
      9.842390873320507,
      9.953730843683928,
      9.623540607646856,
      9.85818144609417,
      9.756030077008925,
      9.869704279806314,
      9.950514432983503,
      9.945308946583904,
      9.93222429028895,
      9.93484847471699,
      9.669723044096427,
      9.659768279292429,
      9.980695094261574,
      9.960564411534897,
      9.70308713120737,
      9.980456974561083,
      9.983754901932162,
      9.902173482890344,
      10.0,
      9.901061985138373,
      9.9798100449281,
      9.909756047796673,
      9.895277459652474,
      9.963775518420285,
      9.99872633705096,
      9.85939532175149,
      9.985190020838179
    ],
    "final_reward": 9.985190020838179,
    "avg_reward": 9.830336948101346,
    "q_table_size": 144
  },
  "run_2": {
    "states_learned": 144,
    "episode_rewards": [
      9.639100956523166,
      9.93402161326944,
      9.843868296042293,
      9.686619100353548,
      9.977289132924806,
      9.649718237670736,
      9.989803309797525,
      9.77933131222226,
      9.959338225710244,
      9.923561792491718,
      9.80744612941901,
      9.91840729436603,
      9.97382603044361,
      9.991624531317097,
      9.726987777568988,
      9.729162475828078,
      9.9328740538015,
      9.89963887941472,
      9.767696874735933,
      9.950061433325333,
      9.94588464555881,
      9.9780972334615,
      9.883396901930308,
      9.96464892254604,
      9.91827461309273,
      9.737003610168308,
      9.89295412852604,
      9.989214544545387,
      9.953734298110367,
      9.971263641679219,
      9.923224709261003,
      9.716469033533865,
      9.917333333333334,
      9.871746409386581,
      9.734763212474187,
      9.88487736906793,
      9.92046032000698,
      9.920795847492627,
      9.445108802789242,
      9.761795921623426,
      9.86510475315767,
      9.583900567244175,
      9.903300557870173,
      8.65244546597526,
      9.887274526384246,
      9.571362788359696,
      9.532568838895504,
      9.793191704943396,
      9.428865575089267,
      9.916045636083997,
      9.865188345222018,
      9.83555479743665,
      9.98766960192567,
      9.614506496411714,
      9.966335675465066,
      9.92718450424951,
      9.110530534047681,
      9.65316848613275,
      9.941114389353576,
      9.794127108281257,
      9.547083533076757,
      9.95873419629457,
      9.613506396410333,
      9.972052702295244,
      9.289616722295303,
      9.96949693212684,
      9.93768141079387,
      9.978132541250924,
      9.891590879856963,
      9.860014626545004,
      9.996030482739855,
      9.826565543165989,
      9.952633207452934,
      9.842390873320507,
      9.953730843683928,
      9.623540607646856,
      9.85818144609417,
      9.756030077008925,
      9.869704279806314,
      9.950514432983503,
      9.945308946583904,
      9.93222429028895,
      9.93484847471699,
      9.669723044096427,
      9.659768279292429,
      9.980695094261574,
      9.960564411534897,
      9.70308713120737,
      9.980456974561083,
      9.983754901932162,
      9.902173482890344,
      10.0,
      9.901061985138373,
      9.9798100449281,
      9.909756047796673,
      9.895277459652474,
      9.963775518420285,
      9.99872633705096,
      9.85939532175149,
      9.985190020838179
    ],
    "final_reward": 9.985190020838179,
    "avg_reward": 9.830336948101346,
    "q_table_size": 144
  },
  "all_match": true,
  "matches": {
    "states_learned": true,
    "final_reward": true,
    "avg_reward": true,
    "q_table_size": true,
    "episode_rewards": true
  }
}